vehicle_id,track_mileage
1,9497.04005797846
2,10910.774868896326
3,23393.847554433753
4,544.8052297065966
5,17829.470775915368
6,24631.443642270395
7,24256.502224986918
8,29560.970265503365
9,29189.20396521002
10,29059.63055201576
11,26807.66828403168
12,33279.269597149294
