vehicle_id,track_mileage
1,8758.683074774934
2,10062.505643176542
3,21575.0692192509
4,502.4487961879522
5,16443.300540362783
6,22716.447147717783
7,22370.655930081077
8,27262.722738636323
9,26919.85978530851
10,26800.360188154347
11,24723.479003994908
12,30691.939128607664
