vehicle_id,charge_energy
1,21.448190
1,18.731190
1,12.848040
1,19.216080
2,21.596960
2,20.483690
2,19.803110
3,6.280860
3,11.521720
3,12.291370
3,13.659160
3,8.542530
4,54.159290
4,55.832660
4,22.753140
4,23.925880
4,31.308910
4,23.739660
4,29.797080
5,55.641760
5,92.904760
5,48.871590
5,51.858850
5,43.985760
5,58.974390
5,79.783570
5,32.032700
